def_id,n_poss,n_init,per_100
1626167,513,18,3.508771929824561
2760,307,12,3.9087947882736156
1626157,1875,75,4.0
201150,970,42,4.329896907216495
101135,713,32,4.488078541374474
202683,1341,63,4.697986577181208
203382,859,41,4.772991850989523
1626171,435,21,4.827586206896552
202684,1383,68,4.916847433116414
101133,1360,67,4.926470588235294
203500,1615,80,4.953560371517028
201941,1158,60,5.181347150259067
2555,710,37,5.211267605633803
202389,854,45,5.269320843091335
203530,640,34,5.3125
201583,1877,100,5.3276505061267985
201168,724,40,5.524861878453039
101138,939,53,5.644302449414271
203469,1482,85,5.7354925775978405
1626143,1601,92,5.746408494690818
201143,1987,117,5.888273779567187
201567,1628,96,5.896805896805897
203096,1544,92,5.958549222797927
203481,730,44,6.027397260273973
202696,1665,101,6.066066066066066
203488,478,29,6.066945606694561
1495,1266,77,6.082148499210111
203092,360,22,6.111111111111111
202324,1178,72,6.112054329371817
2561,898,55,6.124721603563474
201933,1495,92,6.153846153846154
202334,1364,84,6.158357771260997
202687,1394,86,6.169296987087518
2585,1661,103,6.201083684527394
2403,510,32,6.2745098039215685
204001,1849,117,6.327744726879394
201177,442,28,6.334841628959276
201229,1178,75,6.366723259762309
203943,1064,68,6.390977443609023
203999,1152,74,6.423611111111111
101162,1622,105,6.473489519112207
200745,663,43,6.4856711915535445
202338,442,29,6.5610859728506785
203473,391,26,6.649616368286445
2200,1719,115,6.689936009307737
201160,712,48,6.741573033707865
202357,1065,72,6.76056338028169
1626168,1043,71,6.807286673058485
203476,1521,104,6.837606837606837
203118,775,53,6.838709677419355
203497,979,67,6.843718079673136
201585,1224,85,6.944444444444445
203210,970,68,7.010309278350515
203186,327,23,7.033639143730887
203486,1786,126,7.054871220604703
101141,1710,122,7.1345029239766085
101107,1892,135,7.135306553911205
202720,1170,84,7.17948717948718
2564,1099,79,7.18835304822566
201580,399,29,7.268170426065163
203991,1305,95,7.2796934865900385
2744,727,53,7.290233837689134
101161,1426,104,7.293127629733521
203076,1960,143,7.295918367346939
201586,2179,159,7.296925195043598
201572,1963,145,7.386653082017321
201149,860,64,7.441860465116279
203141,1097,82,7.474931631722881
201582,615,46,7.479674796747967
201959,1402,105,7.489300998573467
201581,466,35,7.510729613733906
202702,1390,105,7.553956834532374
1626158,608,46,7.565789473684211
2743,672,51,7.589285714285714
1626204,1078,82,7.606679035250464
203457,1505,116,7.707641196013289
202685,946,73,7.716701902748414
202693,848,66,7.783018867924528
201579,1603,125,7.797878976918279
201973,859,67,7.79976717112922
1626161,741,58,7.827260458839406
200746,1539,121,7.862248213125406
203105,1039,82,7.892204042348412
203089,897,71,7.915273132664437
201599,1954,155,7.932446264073695
203093,1219,97,7.957342083675144
201600,862,69,8.004640371229698
2449,1434,116,8.089260808926081
101139,1477,120,8.124576844955993
203086,1314,107,8.143074581430746
2730,1580,129,8.164556962025317
201589,1244,102,8.19935691318328
203939,1008,83,8.234126984126984
202355,1638,136,8.302808302808304
202730,1308,110,8.409785932721713
202682,1041,88,8.45341018251681
201568,1920,163,8.489583333333334
2547,2021,172,8.51063829787234
203084,1186,101,8.516020236087689
203138,1510,130,8.609271523178808
2216,1531,132,8.621815806662312
203110,2306,199,8.629661751951431
202329,1985,172,8.664987405541561
201601,840,73,8.69047619047619
1626163,1364,119,8.72434017595308
2592,420,37,8.80952380952381
2746,600,53,8.833333333333334
2199,1031,92,8.923375363724539
203482,1316,118,8.966565349544073
101111,602,54,8.970099667774086
202694,2176,196,9.007352941176471
203924,1508,136,9.018567639257295
201577,1674,151,9.020310633213859
203094,718,65,9.052924791086351
708,794,72,9.06801007556675
201578,529,48,9.073724007561436
203944,1634,151,9.241126070991433
203458,1060,98,9.245283018867925
200794,1999,185,9.254627313656828
202328,1757,163,9.277177006260672
203080,484,45,9.297520661157025
201188,2106,196,9.306742640075974
203112,333,31,9.30930930930931
203940,407,38,9.336609336609337
201156,955,91,9.528795811518325
202703,1348,129,9.56973293768546
202344,1285,123,9.571984435797665
2546,2114,204,9.649952696310311
203937,621,61,9.822866344605474
202335,1454,143,9.83493810178817
201971,305,30,9.836065573770492
101106,1211,120,9.90916597853014
1717,1675,167,9.970149253731343
203083,2076,208,10.019267822736031
201152,1909,192,10.057621791513881
101112,922,93,10.086767895878525
202326,1646,169,10.267314702308626
201575,869,91,10.47180667433832
202697,559,59,10.554561717352415
2037,1414,153,10.82036775106082
201627,927,101,10.895361380798274
101181,1824,201,11.019736842105264
2207,2032,225,11.07283464566929
1626162,675,75,11.11111111111111
202362,729,82,11.248285322359397
1718,909,104,11.441144114411442
201967,1204,138,11.461794019933555
2225,1402,162,11.554921540656206
977,1535,178,11.596091205211726
202498,1309,153,11.688311688311689
1713,495,58,11.717171717171718
203099,468,55,11.752136752136753
203079,1770,209,11.807909604519773
2571,632,75,11.867088607594937
2757,720,86,11.944444444444445
202388,500,60,12.0
201961,1015,122,12.019704433497537
203798,1207,146,12.096106048053024
202704,1916,232,12.108559498956158
203948,817,99,12.11750305997552
203081,2078,253,12.175168431183831
201167,1773,216,12.182741116751268
203914,1625,198,12.184615384615384
201142,2008,246,12.250996015936256
2034,415,51,12.289156626506024
201949,764,94,12.303664921465968
203499,1045,129,12.344497607655502
203503,1195,149,12.468619246861925
201584,1711,214,12.5073056691993
201609,1700,214,12.588235294117647
203917,1190,150,12.605042016806722
2738,1863,235,12.614063338701019
2736,1577,199,12.618896639188332
203124,565,72,12.743362831858407
201945,861,110,12.775842044134727
200826,1113,143,12.848158131177
203496,1292,166,12.84829721362229
200782,1744,225,12.90137614678899
202699,1889,244,12.916887241926945
201162,1678,218,12.991656734207389
1938,985,128,12.99492385786802
202325,1046,136,13.001912045889101
201936,1069,139,13.002806361085126
200752,1869,245,13.108614232209737
204038,1544,203,13.147668393782384
203952,2180,288,13.211009174311927
202390,1021,135,13.222331047992165
202713,567,75,13.227513227513228
202341,301,40,13.289036544850498
1626164,1015,135,13.300492610837438
203933,1345,179,13.308550185873607
202711,1588,213,13.413098236775818
2581,670,90,13.432835820895523
203123,431,58,13.45707656612529
203960,904,122,13.495575221238939
201942,2213,301,13.601446000903751
204020,1115,152,13.632286995515695
203200,373,51,13.672922252010723
203546,562,77,13.701067615658364
2594,1854,255,13.754045307443366
203462,443,61,13.769751693002258
203552,312,43,13.782051282051283
2772,2000,276,13.8
203922,476,66,13.865546218487395
201939,2211,307,13.885119855269108
2749,1483,206,13.890761968981794
203109,2109,293,13.892840208629682
202718,1313,184,14.013709063214014
200757,1297,182,14.032382420971473
201155,1144,161,14.073426573426573
2756,517,73,14.119922630560929
2446,328,47,14.329268292682928
203459,1744,250,14.3348623853211
203932,1121,161,14.362176628010705
201571,731,105,14.36388508891929
202323,1757,253,14.399544678429141
201158,1540,222,14.415584415584416
203490,1644,237,14.416058394160585
201956,1608,233,14.490049751243781
202330,2101,306,14.564493098524512
203498,1267,185,14.601420678768745
1626144,1253,183,14.604948124501197
203934,537,79,14.711359404096834
2210,996,147,14.759036144578314
202691,2153,318,14.770088248954947
1626170,965,143,14.818652849740932
203900,391,58,14.83375959079284
202337,430,64,14.883720930232558
202695,1763,264,14.97447532614861
203507,1970,295,14.974619289340101
1626159,1547,232,14.996767937944409
202681,431,65,15.081206496519721
203524,305,46,15.081967213114755
202083,1767,267,15.110356536502547
201569,2037,312,15.316642120765833
201147,1183,182,15.384615384615385
101127,1466,226,15.416098226466575
203468,2249,347,15.429079590929302
201145,1752,271,15.468036529680365
202710,2145,333,15.524475524475525
202689,2368,371,15.66722972972973
203087,1266,199,15.718799368088467
203148,336,53,15.773809523809524
200768,2199,348,15.82537517053206
101109,1525,243,15.934426229508198
203953,1440,230,15.972222222222221
2548,1643,263,16.00730371272063
203926,1155,185,16.017316017316016
200751,1269,204,16.07565011820331
203090,1123,181,16.117542297417632
204060,781,126,16.13316261203585
201960,1041,168,16.138328530259365
201596,1220,197,16.147540983606557
1626196,328,53,16.158536585365855
101108,1757,288,16.3915765509391
202391,1675,275,16.417910447761194
201978,886,146,16.478555304740407
1626166,485,80,16.49484536082474
203115,1874,311,16.595517609391674
101150,1783,297,16.657319125070106
203114,2203,367,16.659101225601454
203477,1462,244,16.689466484268127
203526,1102,184,16.696914700544465
201988,1173,196,16.70929241261722
201588,1831,307,16.766794101583834
201977,992,167,16.83467741935484
2590,827,141,17.04957678355502
2734,1031,176,17.070805043646946
202692,1066,182,17.073170731707318
101114,1602,274,17.10362047440699
201587,1910,327,17.12041884816754
101123,1408,242,17.1875
201952,1667,287,17.21655668866227
202331,2173,377,17.349286700414172
203521,1351,237,17.542561065877127
202738,2131,374,17.550445800093854
1626178,533,94,17.636022514071296
203187,475,84,17.68421052631579
1897,472,84,17.796610169491526
204456,1255,224,17.84860557768924
203935,930,166,17.849462365591396
202708,899,162,18.020022246941046
203613,479,87,18.16283924843424
203095,1809,329,18.186843559977888
201980,1417,258,18.207480592801694
201935,2250,410,18.22222222222222
202322,2113,386,18.26786559394226
201573,1011,186,18.397626112759642
201144,1737,320,18.42256764536557
203082,1216,225,18.50328947368421
203143,389,72,18.508997429305914
101145,2071,387,18.686624818928053
201166,661,124,18.759455370650528
203471,1269,239,18.83372734436564
201566,2261,428,18.9296771340115
203897,1476,280,18.97018970189702
1626209,720,137,19.02777777777778
2754,1182,225,19.03553299492386
201976,1174,224,19.08006814310051
2755,1140,218,19.12280701754386
200765,2009,389,19.362867098058736
202709,1566,307,19.604086845466156
2550,566,111,19.6113074204947
1626273,448,88,19.642857142857142
2733,1206,238,19.734660033167497
203085,1137,225,19.788918205804748
203504,1425,283,19.859649122807017
201951,1196,238,19.899665551839465
2440,1546,308,19.922380336351875
203918,1688,337,19.96445497630332
1626156,1630,326,20.0
202339,1450,291,20.06896551724138
202734,600,121,20.166666666666668
2419,1304,263,20.16871165644172
202397,1389,282,20.302375809935207
203903,1942,398,20.494335736354273
201937,1676,345,20.58472553699284
1626148,456,94,20.614035087719298
201954,1489,307,20.617864338482203
202066,1429,301,21.06368089573128
202688,2043,431,21.09642682329907
1626154,373,79,21.179624664879356
203078,1087,231,21.25114995400184
203584,300,64,21.333333333333332
202340,1872,404,21.581196581196583
201196,1305,283,21.685823754789272
2747,1319,291,22.062168309325248
204025,347,77,22.19020172910663
202349,480,107,22.291666666666668
203145,1558,348,22.33632862644416
203487,1681,379,22.546103509815588
203460,1439,328,22.793606671299514
201565,1618,372,22.991347342398022
2544,1737,405,23.316062176165804
202087,1280,302,23.59375
1626173,538,128,23.79182156133829
201564,1060,253,23.867924528301888
201950,1344,321,23.883928571428573
201962,431,106,24.593967517401392
200755,1538,388,25.227568270481143
203463,1242,326,26.247987117552334
203506,1517,399,26.301911667765328
1891,894,236,26.39821029082774
203901,1560,416,26.666666666666668
203484,2305,621,26.941431670281997
203894,598,168,28.093645484949832
101179,697,196,28.12051649928264
1626169,1389,533,38.37293016558675
