player_id,team,n_poss,effect_mean,effect_lo95,effect_hi95,firstname,lastname
1626169,DET,1389,-1.7021517490191551,-1.774225329626381,-1.6268614294803017,Stanley,Johnson
2571,GSW,632,-1.3271087735846727,-1.4357295336810307,-1.2136040430261954,Leandro,Barbosa
202734,CHI,600,-1.264591892106586,-1.375101499575993,-1.1448912839061487,E'Twaun,Moore
203484,DET,2305,-1.259579713587293,-1.3150899224902644,-1.2009132716548583,Kentavious,Caldwell-Pope
202708,NOP,899,-1.1841803979910224,-1.2755720238061958,-1.0920172193919857,Norris,Cole
200755,LAC,1538,-1.1841659774934739,-1.2627094806123402,-1.1098236556897547,JJ,Redick
203613,SAS,479,-1.1799652693463318,-1.304080050843977,-1.0583130981398572,Jonathon,Simmons
2756,NYK,517,-1.1793965597150808,-1.305304386157625,-1.0581294961289986,Sasha,Vujacic
101109,DAL,1525,-1.1677639490894376,-1.2331397125292085,-1.1051313358164792,Raymond,Felton
203894,ORL,598,-1.1508649966182987,-1.2598565474395629,-1.0430923915641914,Shabazz,Napier
204038,NYK,1544,-1.095693760752488,-1.1721390321903067,-1.018581003727465,Langston,Galloway
203903,LAL,1942,-1.0909207027946506,-1.1519936993768158,-1.031113550284821,Jordan,Clarkson
101179,PHX,697,-1.0743581886379194,-1.1746345546680075,-0.9662168640679722,Ronnie,Price
1626196,MIA,328,-1.0447268981595308,-1.1975911728468973,-0.8869869843150111,Josh,Richardson
202340,BOS,1872,-1.0181405233040752,-1.0811018444048084,-0.961786093246171,Avery,Bradley
201962,NOP,431,-1.0156451759970992,-1.1490594890883963,-0.8821870017059502,Toney,Douglas
203085,LAC,1137,-0.960503906503865,-1.0386888682300333,-0.8857415546453774,Austin,Rivers
2747,CLE,1319,-0.9387629016874275,-1.0119669760375802,-0.8636814362320858,J.R.,Smith
203477,PHI,1462,-0.9378430699279768,-1.0100439481876025,-0.8689381200315877,Isaiah,Canaan
204456,PHI,1255,-0.9264699068835242,-1.0096327588244212,-0.8452811311447469,TJ,McConnell
203900,BKN,391,-0.9181330928733805,-1.0744997341585427,-0.7515562165551156,Markel,Brown
203463,SAC,1242,-0.8899898819337607,-0.9685206354448134,-0.8186575186076109,Ben,McLemore
201565,CHI,1618,-0.8873593872023157,-0.9534920721865381,-0.818612558434889,Derrick,Rose
203468,POR,2249,-0.8589656556069676,-0.9146736276541244,-0.8029406233952436,CJ,McCollum
201954,SAC,1489,-0.8506819763193846,-0.9247710033010641,-0.7804862863230899,Darren,Collison
203504,UTA,1425,-0.8458905495419787,-0.9226711222440281,-0.7720822678203868,Trey,Burke
201166,CHI,661,-0.8390559718442492,-0.9502108417999545,-0.7296188957512553,Aaron,Brooks
203145,ATL,1558,-0.8256624835127256,-0.9013140009638924,-0.7512641549669912,Kent,Bazemore
1626273,LAL,448,-0.816808645049194,-0.949301779013635,-0.6832410116921891,Marcelo,Huertas
203487,MIL,1681,-0.8147241627602932,-0.8796694948465356,-0.7529239905508076,Michael,Carter-Williams
1626178,BKN,533,-0.8059416620960692,-0.9247580191075264,-0.6819889454573592,Rondae,Hollis-Jefferson
203584,CHA,300,-0.796283014641879,-0.9680920000266212,-0.6430886580995302,Troy,Daniels
202688,PHX,2043,-0.782713278779216,-0.8375275373051688,-0.7260251775850681,Brandon,Knight
202691,GSW,2153,-0.7815885182574479,-0.8399747109186183,-0.7226095910831934,Klay,Thompson
202397,NOP,894,-0.7795468399561256,-0.8579086273223969,-0.6995160798439888,Ish,Smith
202713,OKC,567,-0.7773051750455447,-0.8939174068250745,-0.6502234005115249,Kyle,Singler
203552,SAC,312,-0.7766630450795412,-0.9290205825268764,-0.6161726672201092,Seth,Curry
202498,NYK,1309,-0.7713627482650764,-0.8422867619645957,-0.7003740767850026,Lance,Thomas
202397,PHI,495,-0.7703085534742338,-0.862630425724997,-0.668679363922348,Ish,Smith
202087,NOP,1280,-0.7571308978236526,-0.8275652029670427,-0.680613570463122,Alonzo,Gee
201196,WAS,1305,-0.7518742975669017,-0.8249055761158467,-0.6762879159150613,Ramon,Sessions
203914,DEN,1625,-0.7481380095803799,-0.8196080789277777,-0.6771455460007675,Gary,Harris
201977,HOU,992,-0.7475125372065311,-0.8317749921473422,-0.6656546861243466,Marcus,Thornton
203498,MIN,1267,-0.7382341875159811,-0.8156886003768702,-0.6592978964425733,Shabazz,Muhammad
202709,TOR,1566,-0.7219036960209904,-0.7875834778899475,-0.6610895841604291,Cory,Joseph
203099,CLE,468,-0.7180798784730873,-0.8476775629514409,-0.5917169557261694,Jared,Cunningham
201155,IND,1144,-0.7112319666795013,-0.7964598843225612,-0.6353997928669581,Rodney,Stuckey
203546,GSW,562,-0.6927157005623071,-0.8149186997051029,-0.5659560123416586,Ian,Clark
203526,UTA,1102,-0.6900309331431675,-0.7808413696803397,-0.6004785502194436,Raul,Neto
203460,OKC,1439,-0.6763299336228913,-0.7496195638403336,-0.606165617900726,Andre,Roberson
203933,PHX,1345,-0.664399799355693,-0.7396180063900539,-0.5907935894653331,TJ,Warren
200757,ATL,1297,-0.6621498264962099,-0.7390879576526398,-0.5910009183073878,Thabo,Sefolosha
201980,SAS,1417,-0.6576137900544159,-0.7277505305584687,-0.585624559439034,Danny,Green
202066,WAS,1429,-0.6478347744422069,-0.7205390779511939,-0.5740354896109552,Garrett,Temple
203143,LAC,389,-0.6431304031168906,-0.7839201758452845,-0.49743692086631974,Pablo,Prigioni
203901,ORL,1560,-0.641518281823663,-0.7095915395349843,-0.5713055760721004,Elfrid,Payton
203148,CHA,336,-0.6365409572737197,-0.7797669109243466,-0.4907498261447984,Brian,Roberts
2754,MEM,1182,-0.615307066576995,-0.6962708047334003,-0.5320697515750212,Tony,Allen
201960,TOR,1041,-0.6090943029429016,-0.69434537435136,-0.5250383671367279,DeMarre,Carroll
203078,WAS,1087,-0.6079768360929599,-0.6889051196687372,-0.5258654362224428,Bradley,Beal
1626154,BOS,373,-0.5972926182046832,-0.7572865960297204,-0.451169391292996,RJ,Hunter
2225,SAS,1402,-0.593654451449012,-0.6695125733178834,-0.5211022460974102,Tony,Parker
1891,HOU,894,-0.5852669829977756,-0.6827911470036345,-0.4933288845226679,Jason,Terry
202738,BOS,2131,-0.5840967558518352,-0.6387660056226194,-0.530821749359039,Isaiah,Thomas
203082,TOR,1216,-0.5839537280406055,-0.6644040890589461,-0.5029729004620495,Terrence,Ross
201575,GSW,869,-0.580808311100313,-0.6786776721977775,-0.47907467724790426,Brandon,Rush
204025,POR,347,-0.5628774094570254,-0.7080998052082214,-0.41619911148974476,Tim,Frazier
201564,MIL,1060,-0.5587517898409722,-0.6486766823328295,-0.4680948487599644,O.J.,Mayo
204020,MIA,1115,-0.5582903899808196,-0.635381430206287,-0.47685358831510816,Tyler,Johnson
1626148,LAL,456,-0.5563948809002434,-0.6924737151169392,-0.4157231456748268,Anthony,Brown
2772,HOU,2000,-0.5544555364502674,-0.6140025407498451,-0.49666561176827845,Trevor,Ariza
203935,BOS,930,-0.5540003106192053,-0.6417167512042158,-0.46760375311160435,Marcus,Smart
203499,BKN,1045,-0.5501679987242678,-0.6389072351284389,-0.46723854376298657,Shane,Larkin
201988,SAS,1173,-0.546912731249427,-0.6337702865968293,-0.4578516674401123,Patty,Mills
201584,MEM,1711,-0.5420441949539558,-0.6038717586511895,-0.4819327800371593,Courtney,Lee
203506,ORL,1517,-0.5406756278934758,-0.6127491042881793,-0.472117993669982,Victor,Oladipo
203084,GSW,1186,-0.5328202181413858,-0.6199065141163788,-0.4494611699300407,Harrison,Barnes
202710,CHI,2145,-0.5312505572867922,-0.5835405190512185,-0.4744713365234589,Jimmy,Butler
201167,NYK,1773,-0.5248258926270494,-0.5875845556480334,-0.45815027515414547,Arron,Afflalo
2550,CHI,566,-0.5179550422859719,-0.6368255482662519,-0.3959009682199156,Kirk,Hinrich
201950,NOP,1344,-0.5172444036341517,-0.5911778933729593,-0.4430581238822235,Jrue,Holiday
202695,SAS,1763,-0.51707527260909,-0.5828286321950971,-0.44839621749046055,Kawhi,Leonard
203934,ATL,537,-0.5129037537270449,-0.6238593797363227,-0.4014351080251312,Lamar,Patterson
201951,HOU,1196,-0.5006959601892238,-0.5812979730236811,-0.4237005940100037,Ty,Lawson
203095,ORL,1809,-0.4866466121735851,-0.5490414938861907,-0.42459012590795825,Evan,Fournier
203922,IND,476,-0.4794910840145824,-0.6070474690364406,-0.3498377836807444,Glenn,Robinson
1626166,OKC,485,-0.4793940452728815,-0.6053519724238406,-0.3543950802772596,Cameron,Payne
201627,OKC,927,-0.4763374013100214,-0.5667955246519487,-0.38913344127343585,Anthony,Morrow
202391,CHA,1675,-0.4679565182493906,-0.5359731367707384,-0.3982312882895099,Jeremy,Lin
202341,SAC,301,-0.4661150960857988,-0.6203202153592414,-0.30679010365669596,James,Anderson
1938,SAS,985,-0.4574239657414905,-0.5521671410480758,-0.3644037311099663,Manu,Ginobili
200826,DAL,1113,-0.4502378440580663,-0.5252169351403613,-0.37475527147715626,Jose Juan,Barea
202349,MIL,480,-0.41325995484284134,-0.5488303583682608,-0.28702539448845876,Greivis,Vasquez
203079,OKC,1770,-0.4086264305804319,-0.4729001657671997,-0.34338212886516994,Dion,Waiters
101145,IND,2071,-0.4040827464811084,-0.4680879932154765,-0.3443836194143428,Monta,Ellis
202083,DAL,1767,-0.40185328870335196,-0.4657201581127442,-0.3385595181306541,Wesley,Matthews
201609,MIA,1700,-0.3920690741647749,-0.45452903253058413,-0.3267376235735931,Goran,Dragic
203471,ATL,1269,-0.39066381744977463,-0.46686184268612285,-0.3168177728574413,Dennis,Schroder
2037,LAC,1414,-0.39042803467864684,-0.45262154823285244,-0.3192660113985116,Jamal,Crawford
1626156,LAL,1630,-0.38977336705670707,-0.4580226645241795,-0.3223254250721643,D'Angelo,Russell
203897,MIN,1476,-0.3890596611821723,-0.4573920629571799,-0.3221020183162701,Zach,LaVine
203081,POR,2078,-0.38343218152484043,-0.44302362365838266,-0.3221211721204894,Damian,Lillard
201147,HOU,1183,-0.37127923106682353,-0.4524492699468587,-0.28737700654254944,Corey,Brewer
201588,IND,1831,-0.37074134959797833,-0.43353211055092605,-0.30685393604786765,George,Hill
2419,MIN,1304,-0.3690762514197898,-0.44610669837439615,-0.28898300658938564,Tayshaun,Prince
202681,CLE,431,-0.3535245709655724,-0.48842153919290254,-0.2142458884080976,Kyrie,Irving
101123,MIA,1408,-0.3498928581435947,-0.4219889702782638,-0.2762234361006704,Gerald,Green
200751,DEN,1269,-0.34139364889107326,-0.42485504705575333,-0.26122176660281354,Randy,Foye
203123,DEN,431,-0.33713847398927116,-0.49018822271775336,-0.19422296598805974,Kostas,Papanikolaou
203118,ATL,775,-0.3368280961209201,-0.4263045524359695,-0.2389087367001931,Mike,Scott
202388,BKN,500,-0.33534603731578677,-0.4532515822094857,-0.2155682675648653,Donald,Sloan
101150,LAL,1783,-0.3315460716430938,-0.38951796679991385,-0.2720516410921003,Lou,Williams
201961,BKN,1015,-0.3303482237203279,-0.41181498675134703,-0.24465171758430876,Wayne,Ellington
201976,HOU,1174,-0.3290977645171886,-0.4105694184011384,-0.2463072676843296,Patrick,Beverley
203960,PHI,904,-0.31823319585828613,-0.41007246585918977,-0.22741162311524904,JaKarr,Sampson
203918,UTA,1688,-0.28831979626563076,-0.3479713681035389,-0.22872690517650607,Rodney,Hood
203490,WAS,1644,-0.2862536908464541,-0.3477838766054122,-0.21964769281889474,Otto,Porter
203798,CHA,1207,-0.28350091690492346,-0.36247575155883005,-0.1990631278801824,PJ,Hairston
201569,NOP,2037,-0.2793986664003938,-0.34525090587317486,-0.2127121795418605,Eric,Gordon
202337,NOP,430,-0.27736354117461137,-0.40916199808574627,-0.14031830424992317,Luke,Babbitt
202697,CLE,559,-0.2655682709751568,-0.3843422401802529,-0.1498553635738911,Iman,Shumpert
2548,MIA,1643,-0.26161205241659335,-0.3289044277323702,-0.19030185344860803,Dwyane,Wade
202692,UTA,1066,-0.2611426207735825,-0.34066406955612605,-0.17823411000003322,Alec,Burks
203459,POR,1744,-0.2560577156759391,-0.3220080770300293,-0.19289989353157694,Allen,Crabbe
203926,CHI,1155,-0.25272481851106193,-0.33618407669678596,-0.16825185108315086,Doug,McDermott
202362,LAC,729,-0.251718177661845,-0.3640955820777163,-0.14246871455858107,Lance,Stephenson
202325,LAC,1046,-0.24796642251367262,-0.3304679687054003,-0.15629761720336333,Wesley,Johnson
203090,POR,1123,-0.24662452871564894,-0.32835415040376903,-0.16916568767449314,Maurice,Harkless
203112,SAC,333,-0.245755259055389,-0.40798164442291557,-0.08754548925861068,Quincy,Acy
201158,SAC,1540,-0.24377025093147614,-0.31115896949896155,-0.16997893729332414,Marco,Belinelli
1626170,NYK,965,-0.24278994836639248,-0.3340599638080378,-0.14444084051568987,Jerian,Grant
203503,CHI,1195,-0.24177710853343512,-0.3245436217924035,-0.161317130137365,Tony,Snell
101181,NYK,1824,-0.24135975417475783,-0.29860815647908523,-0.18258725358240743,Jose,Calderon
201937,MIN,1676,-0.23998976212979078,-0.3053323384081204,-0.17593592556784102,Ricky,Rubio
203080,BKN,484,-0.2357959397936938,-0.37021945120004685,-0.1018255795522605,Thomas,Robinson
203087,CHA,1266,-0.2351068496043235,-0.31348658764564624,-0.15851388152204982,Jeremy,Lamb
2736,MIA,1577,-0.23360708871919342,-0.30596073631743753,-0.16553399777916658,Luol,Deng
202330,UTA,2101,-0.23226624462154397,-0.2927866089695072,-0.16782073604214767,Gordon,Hayward
1626209,ORL,720,-0.22900419110682407,-0.3332526140874417,-0.12481925771006579,Mario,Hezonja
2755,MIN,1140,-0.22786629069090605,-0.30888498346059307,-0.14081207230524898,Kevin,Martin
203521,CLE,1351,-0.20136128302793121,-0.275136151069391,-0.12689315048335564,Matthew,Dellavedova
2210,CLE,996,-0.19897512009124374,-0.28369119701941115,-0.1155970113293922,Richard,Jefferson
202390,WAS,1021,-0.19084029722977783,-0.278727920470284,-0.09968378615151323,Gary,Neal
1626173,MIL,538,-0.18991730854717093,-0.31325384600300205,-0.07327218442263,Rashad,Vaughn
201587,CHA,1910,-0.1849521996563207,-0.244278755831943,-0.1229897327483535,Nicolas,Batum
2590,CLE,827,-0.1843666743276558,-0.2855242172880412,-0.08371380682258019,Mo,Williams
1626144,DEN,1253,-0.18090932020923736,-0.25553290550810204,-0.1068698529432458,Emmanuel,Mudiay
2733,GSW,1206,-0.177722414973387,-0.2560636845973903,-0.09995055741021168,Shaun,Livingston
201949,TOR,764,-0.17767064915007894,-0.2831135958974592,-0.07611310112917048,James,Johnson
2449,TOR,1434,-0.17445073224247412,-0.2509784408765532,-0.1010342535150432,Luis,Scola
2757,MIA,548,-0.16287970696895065,-0.2663834835535614,-0.05386796411258338,Beno,Udrih
2734,DAL,1031,-0.1585921681274061,-0.25043221028926144,-0.06923348429871796,Devin,Harris
201156,LAL,955,-0.15446119309690795,-0.246148526312423,-0.05778166615032896,Nick,Young
2749,DEN,1483,-0.14257468745817112,-0.21365168789674893,-0.06842155626938759,Jameer,Nelson
2440,MEM,1546,-0.1345607382231132,-0.20155573299148452,-0.06726569150524042,Matt,Barnes
203530,DEN,640,-0.1337882471101513,-0.25505884314891775,-0.02682996106692489,Joffrey,Lauvergne
2216,MEM,1531,-0.1321301278122441,-0.20706140125514813,-0.05979642382525523,Zach,Randolph
203210,MEM,970,-0.1309250003122465,-0.21461962181945468,-0.043777712977397826,JaMychal,Green
201939,GSW,2211,-0.127964159812042,-0.18455870945581965,-0.06953690383724728,Stephen,Curry
201566,OKC,2261,-0.12743463435214233,-0.18096039427005092,-0.07581615839959525,Russell,Westbrook
203187,UTA,475,-0.12599874232855326,-0.2575464474780694,0.007467633644736987,Chris,Johnson
203109,BOS,2109,-0.12509707226309189,-0.18550186636189253,-0.07039025834321155,Jae,Crowder
201573,MIL,1011,-0.12259506160648084,-0.20633592604831233,-0.03462847885671907,Jerryd,Bayless
2592,CLE,420,-0.12010250777880765,-0.2558582959794028,0.014460191379076249,James,Jones
201601,LAC,840,-0.11902911695892503,-0.21683331475439174,-0.02279612605295973,Luc,Mbah a Moute
203932,ORL,1121,-0.11012515547376674,-0.1878093557002442,-0.027925173829967356,Aaron,Gordon
202689,CHA,2368,-0.10356824688780117,-0.15733437103047562,-0.05477848915110612,Kemba,Walker
200765,SAC,2009,-0.09962545282240108,-0.1586792935114114,-0.0419786072145389,Rajon,Rondo
203917,PHI,1190,-0.09812992416902017,-0.17482590786306823,-0.021906938067606862,Nik,Stauskas
1626159,MIA,1547,-0.09144608348775801,-0.1596284449477461,-0.024549486187662072,Justise,Winslow
202322,WAS,2113,-0.08644070277382042,-0.1446742610254036,-0.029205289583165085,John,Wall
101114,DAL,1602,-0.08559709654816956,-0.14651353423139307,-0.023997430083815906,Deron,Williams
203200,ATL,373,-0.07542343278794925,-0.19921999245356992,0.07112311717210255,Justin,Holiday
2738,GSW,1863,-0.0727475666023879,-0.1407160187378264,-0.0063477957302561115,Andre,Iguodala
101108,LAC,1757,-0.0643508933937042,-0.13096075727116768,0.006108891584810882,Chris,Paul
201945,POR,861,-0.058308624219876974,-0.15403327315928209,0.03574441798144611,Gerald,Henderson
201145,MEM,1752,-0.05736506906009477,-0.12125038093604386,0.005958362902776984,Jeff,Green
202711,BKN,1588,-0.05681147782888725,-0.13048390736451546,0.010137873328514508,Bojan,Bogdanovic
201596,MEM,1062,-0.049380566388808306,-0.12700133769104172,0.03464521969322838,Mario,Chalmers
202331,IND,2173,-0.046873750918712445,-0.10258119571731703,0.011679234359149153,Paul,George
202694,DET,2176,-0.03672272576076707,-0.09634115795860788,0.021577802100795032,Marcus,Morris
202323,BOS,1757,-0.030923911335721713,-0.0936865740896389,0.03495033156674956,Evan,Turner
203524,IND,305,-0.02795995843927839,-0.17705518614183816,0.12379887595872217,Solomon,Hill
1626164,PHX,1015,-0.026600309565584984,-0.11004515214015781,0.05837533665621781,Devin,Booker
203138,PHI,1510,-0.017355462735728737,-0.0880760590165375,0.05178704046440847,Hollis,Thompson
202704,DET,1916,-0.013343787525424566,-0.07020855403398413,0.044635547024500656,Reggie,Jackson
101107,CHA,1892,-0.009525540159819606,-0.06908863286897349,0.04951009433100502,Marvin,Williams
203115,DEN,1874,-0.003379308375126301,-0.06851876874766374,0.0630054082119569,Will,Barton
203496,PHI,1292,-0.0032296091732339945,-0.07709283679261003,0.07744770386729412,Robert,Covington
203948,MIL,817,-0.0013962404328492482,-0.09932786825956381,0.09663793072443783,Johnny,O'Bryant
200752,SAC,1869,0.0005247655295758566,-0.054807525225458606,0.06410763382349871,Rudy,Gay
200768,TOR,2199,0.005760779256075837,-0.04839626069001116,0.06329477511051075,Kyle,Lowry
202329,POR,1985,0.01453837016524628,-0.046212668075745006,0.08068492977161118,Al-Farouq,Aminu
204060,UTA,781,0.020397587803130234,-0.08710576232283367,0.12632221536563404,Joe,Ingles
200782,PHX,1744,0.02523317141818384,-0.03935176877334106,0.09021908591897802,PJ,Tucker
202339,PHX,1450,0.02736277234771674,-0.03960970387960489,0.10296801028923705,Eric,Bledsoe
200745,BKN,663,0.03005260088702202,-0.08394721028239634,0.14061925437991368,Andrea,Bargnani
201144,MEM,1737,0.03752267907143373,-0.02688227287572846,0.10488298515295062,Mike,Conley
101139,IND,1477,0.06558408299129924,-0.004177456129810914,0.1348891550524617,CJ,Miles
977,LAL,1535,0.07431372672101469,0.0034875718413412025,0.1464873138708539,Kobe,Bryant
2594,ATL,1854,0.07530561831283938,0.01250254199636154,0.13908384930567194,Kyle,Korver
203186,BKN,327,0.08136470600531906,-0.06726723638969756,0.236881676470871,Willie,Reed
201942,TOR,2213,0.08712579714700601,0.031296965295328355,0.14115332372665632,DeMar,DeRozan
2446,SAS,328,0.09294482358490905,-0.06871952484284767,0.25007632251649464,Rasual,Butler
201152,BKN,1909,0.09593101405294151,0.03306712588585962,0.15559871265929653,Thaddeus,Young
203953,MIL,1440,0.10364116985061196,0.03448352379150234,0.1747165552236865,Jabari,Parker
201571,OKC,731,0.1052144822980814,-0.0010032671019720976,0.21154476627395463,D.J.,Augustin
202335,TOR,1454,0.1130468135868015,0.04061403865454203,0.1795832316387991,Patrick,Patterson
101111,DAL,602,0.12302954085847763,0.008537754515603893,0.2438419273260915,Charlie,Villanueva
202699,ORL,1889,0.13998360405740248,0.08065022775652375,0.20203323470705015,Tobias,Harris
203940,MIN,407,0.1430964944171089,-0.003272101833405327,0.28480076413232214,Adreian,Payne
2585,DAL,1661,0.14570037854394347,0.08177282258440453,0.20839872359058062,Zaza,Pachulia
708,MIN,794,0.1487001524767208,0.048287488949514984,0.24668634880408938,Kevin,Garnett
201162,WAS,1678,0.1542120423911104,0.09034238875145414,0.22176159966411388,Jared,Dudley
201952,ATL,1667,0.15678157620194924,0.08886742688530258,0.21926847589458934,Jeff,Teague
203507,MIL,1970,0.16531431519695547,0.10252688409717263,0.2235439934709069,Giannis,Antetokounmpo
203476,MIN,1521,0.16889608818612276,0.09628796760917657,0.24003403622890013,Gorgui,Dieng
201142,OKC,2008,0.17283965538996984,0.11780210744718987,0.2291238374108735,Kevin,Durant
203093,HOU,1219,0.1814151730739898,0.10271985842768891,0.25465271971985093,Terrence,Jones
203462,PHX,443,0.18995767587733842,0.06068114148566414,0.3215851126021362,Archie,Goodwin
2403,WAS,510,0.19402726928696148,0.08486987483264588,0.31668901608224376,Nene,Hilario
201935,HOU,2250,0.19577204779651153,0.1334785722174829,0.25165970123128556,James,Harden
2544,CLE,1737,0.19583111028907252,0.13510706651712456,0.2585489396469042,LeBron,James
1626163,CHA,1364,0.21756018595230767,0.13953340670249184,0.2934399123681734,Frank,Kaminsky
101161,BOS,1426,0.22951632368300848,0.15581714956584314,0.3063603043443261,Amir,Johnson
1897,LAL,472,0.2346622537057007,0.10472877179508162,0.3765301812781921,Metta,World Peace
201956,SAC,1608,0.23574808195130817,0.1653991028777009,0.3028843495926392,Omri,Casspi
203944,LAL,1634,0.23868140990092404,0.17172916690418935,0.3102448082285005,Julius,Randle
2555,OKC,710,0.2458818291779213,0.13604105782605372,0.3575938846943355,Nick,Collison
101127,BKN,1466,0.24917469141574117,0.17376049768824392,0.31755980420823265,Jarrett,Jack
203943,POR,1064,0.25889403869511446,0.17586597222361836,0.34615413435687165,Noah,Vonleh
2546,NYK,2114,0.26585020445306223,0.21150583471319892,0.32563403098188387,Carmelo,Anthony
201581,DEN,466,0.26604935073613506,0.14091513076095072,0.39631228047265815,JJ,Hickson
203114,MIL,2203,0.27147894039460446,0.2174465172899504,0.325652522481073,Khris,Middleton
201973,BOS,859,0.275407010619685,0.17637103995077297,0.3756779678905447,Jonas,Jerebko
203469,CHA,1482,0.2768024103475828,0.20397764518796663,0.3484751953118415,Cody,Zeller
2564,SAS,1099,0.27768158699145395,0.19015021027108744,0.37124429873086784,Boris,Diaw
1626171,CHI,435,0.28969566984368805,0.15782295437264945,0.4251100694920335,Bobby,Portis
203952,MIN,2180,0.2902217592898184,0.22766525536312215,0.35135133794757123,Andrew,Wiggins
202357,MIN,1065,0.29063261451356326,0.2102990211672268,0.3707347784977851,Nemanja,Bjelica
1713,MEM,495,0.30012027882368103,0.17892476226149048,0.4221996805706287,Vince,Carter
2207,BKN,2032,0.30155452362389773,0.24624061227499844,0.3560564324172717,Joe,Johnson
201568,DEN,1920,0.3191945334351001,0.26004263757769286,0.3814524782975715,Danilo,Gallinari
201586,OKC,2179,0.3282627546097689,0.266496543365016,0.39059205329411767,Serge,Ibaka
202702,DEN,1390,0.3340807403302131,0.2637132160322821,0.4031176555612998,Kenneth,Faried
1626204,LAL,1078,0.3350414190496409,0.25186066702014975,0.4184981857494817,Larry,Nance Jr.
202703,CHI,1348,0.3352059230039487,0.2636544009748885,0.4090690741777252,Nikola,Mirotic
201936,NOP,1069,0.3375755855404527,0.2540094334131024,0.4180996251718886,Tyreke,Evans
203141,PHX,1097,0.3497389800907896,0.2674404276366362,0.42939870641066924,Mirza,Teletovic
201589,DEN,1244,0.36112363469361647,0.28312993777745704,0.44618995878325657,Darrell,Arthur
202684,CLE,1383,0.36153711885829354,0.28948559573592114,0.43061510240453654,Tristan,Thompson
201967,NOP,1204,0.36249865996471947,0.2786526013934086,0.4412108286551396,Dante,Cunningham
201583,NOP,1877,0.3720728824102075,0.3122451887461259,0.4317080992271084,Ryan,Anderson
101133,IND,1360,0.37372245373804597,0.29805072232649454,0.44433856495632096,Ian,Mahinmi
201933,LAC,1495,0.37391704684068866,0.29526464879101655,0.44524027650313297,Blake,Griffin
202720,PHX,1170,0.37976545362787706,0.30313119382872916,0.46415184546611066,Jon,Leuer
203110,GSW,2306,0.38023959958999465,0.321337793782101,0.43755240464317935,Draymond,Green
202344,UTA,1285,0.38220222020003314,0.30255741899568267,0.4644316227810699,Trevor,Booker
201567,CLE,1628,0.3925739875944414,0.3232321332618867,0.4622104678669591,Kevin,Love
202682,NYK,1041,0.3993943187894336,0.31264692446183723,0.48906952718003005,Derrick,Williams
101141,DET,1710,0.4026757096158175,0.34102912935825386,0.46843134178385176,Ersan,Ilyasova
200794,ATL,1999,0.403437733650837,0.33836750814078304,0.46515983200633765,Paul,Millsap
1626161,SAC,741,0.4113146235336541,0.31035769527914664,0.5080055564398025,Willie,Cauley-Stein
201572,BKN,1963,0.41720895761938304,0.36004550849711836,0.47340228633413955,Brook,Lopez
203939,DAL,1008,0.42220508641681104,0.33244401318823885,0.5075487109985523,Dwight,Powell
203999,DEN,1152,0.436848915991777,0.35052900144807597,0.5143470619200632,Nikola,Jokic
202328,MIL,1757,0.44133174752899434,0.37729195166948587,0.5073162615879238,Greg,Monroe
202730,IND,1308,0.4666990576632741,0.38488819458118745,0.5474674540635798,Lavoy,Allen
2581,DET,670,0.47390762540267983,0.3611791526965494,0.5890116120700216,Steve,Blake
203094,ORL,718,0.4784286091712435,0.37610392703563317,0.5773992357001487,Andrew,Nicholson
202693,PHX,848,0.4798136012466476,0.3893324955844734,0.5711974077090979,Markieff,Morris
1718,LAC,909,0.4845361198106916,0.39414034433072614,0.5777154041551826,Paul,Pierce
201168,ATL,724,0.4955436231500246,0.39467109555481733,0.6026807032543848,Tiago,Splitter
203500,OKC,1615,0.5029462015535288,0.4367136829729582,0.5679042021339773,Steven,Adams
201177,MIA,442,0.5061926206390591,0.36809991569530903,0.6504419155408699,Josh,McRoberts
203457,PHI,1505,0.5155634307095545,0.4422099379171921,0.5923380255642485,Nerlens,Noel
1626162,WAS,675,0.522283780930374,0.40288832098579613,0.6330319154240704,Kelly,Oubre
2547,MIA,2021,0.5237044483761522,0.4686892332474954,0.5794967865282884,Chris,Bosh
2034,DEN,415,0.5299661319827972,0.3816429389417426,0.6670203309057651,Mike,Miller
203937,SAS,621,0.5418850477146157,0.4306171196475449,0.6623053929130007,Kyle,Anderson
203924,PHI,1508,0.5459877399632471,0.4789882414311233,0.6116921892258632,Jerami,Grant
2760,CLE,307,0.5513320565462195,0.3834644140500438,0.703244131298335,Anderson,Varejao
203089,MIL,897,0.5580994274587276,0.46910143021867573,0.6483796202593247,John,Henson
201941,IND,1158,0.5589801590986969,0.4829649700367567,0.6332199476140246,Jordan,Hill
202718,DAL,1313,0.5639415580697957,0.49616830521888394,0.6395067704603946,Chandler,Parsons
201580,DAL,399,0.5739151328869764,0.4301660830708526,0.717592137903868,JaVale,McGee
1626168,UTA,1043,0.5808906917259407,0.4959971866792319,0.6652705534521794,Trey,Lyles
101138,LAL,939,0.5820368472541775,0.484677217864504,0.6864197644700244,Brandon,Bass
203488,ATL,478,0.6169994015997984,0.4848562608855157,0.7466845711203568,Mike,Muscala
202324,UTA,1178,0.6284941812143039,0.5355977306097537,0.7161774696294326,Derrick,Favors
2743,WAS,672,0.6335282841844448,0.524742795428107,0.7390876009794273,Kris,Humphries
2746,LAC,570,0.6336242766821892,0.5150003376873507,0.7546667847911577,Josh,Smith
201229,DET,1178,0.6394747878270058,0.5587639632110425,0.7225035122146107,Anthony,Tolliver
201978,IND,886,0.6409357151635411,0.5482208204106412,0.7340225071505675,Chase,Budinger
1626157,MIN,1875,0.6593096424019266,0.6006510669348782,0.7179810194643956,Karl-Anthony,Towns
202683,OKC,1341,0.6676228264476708,0.5956233773438971,0.7364828707388232,Enes,Kanter
201143,ATL,1987,0.6682100817567446,0.6100583005102829,0.7242674152275949,Al,Horford
203991,HOU,1305,0.6802112406240697,0.5972863911633658,0.7626566560275537,Clint,Capela
203473,ORL,391,0.6904288358030041,0.546921602486523,0.8466133466718746,Dewayne,Dedmon
1626167,IND,513,0.7034390564509155,0.5877975583696817,0.8284008106562054,Myles,Turner
201959,CHI,1402,0.7161450075375505,0.6505210983169393,0.7839425584698002,Taj,Gibson
204001,NYK,1849,0.7217255068423264,0.6591512704229642,0.7824580921366533,Kristaps,Porzingis
203086,POR,1314,0.723317744481581,0.6496763844509197,0.7979378453995417,Meyers,Leonard
203076,NOP,1960,0.7357036015354782,0.6751718397786184,0.7994101583317299,Anthony,Davis
201160,ORL,712,0.7358666121301373,0.6431333415531966,0.8283452320211083,Jason,Smith
201582,NOP,615,0.7374169675671249,0.6149777201177772,0.8597176845173541,Alexis,Ajinca
101112,ORL,922,0.7422443242904861,0.6515430391956871,0.8337483890814366,Channing,Frye
1626143,PHI,1601,0.7448959462472933,0.6729482772059033,0.8164267067177337,Jahlil,Okafor
202687,TOR,1394,0.7474316971991958,0.6781265989929675,0.8216529394427349,Bismack,Biyombo
202334,POR,1364,0.7488524042844947,0.6733470186153463,0.8302538334234887,Ed,Davis
203497,UTA,979,0.753961334733696,0.6721317392328737,0.8374224484976492,Rudy,Gobert
203486,POR,1786,0.7606704729676421,0.698477536151489,0.8252541528349987,Mason,Plumlee
101135,BOS,713,0.777427342067629,0.6768056669848289,0.8785218503852656,David,Lee
203458,PHX,1060,0.8059305584343002,0.7246724964764186,0.882065998105996,Alex,Len
201577,NYK,1674,0.8176333408357612,0.754966639968938,0.8857433012638838,Robin,Lopez
203481,UTA,730,0.8579658101782514,0.7494163572515482,0.9677022174364766,Jeff,Withey
1717,DAL,1675,0.8683049988814298,0.8108240555442272,0.9317061198277409,Dirk,Nowitzki
202338,NYK,442,0.875286968767833,0.7448529959545085,1.0019357584147135,Kevin,Seraphin
200746,SAS,1539,0.8877608207868584,0.822357647916815,0.9558733532438054,LaMarcus,Aldridge
203096,BOS,1544,0.8991928678258954,0.8344054905816504,0.9601196026465452,Jared,Sullinger
1495,SAS,1266,0.9100466025876053,0.8260585228454027,0.9886772526564334,Tim,Duncan
201150,CHA,970,0.9213695934547206,0.8281129271904815,1.011356420920494,Spencer,Hawes
202326,SAC,1646,0.934767512320447,0.8668177972816278,0.9991742840564166,DeMarcus,Cousins
201188,MEM,2106,0.9559241818613632,0.8972485458033324,1.013822218784749,Marc,Gasol
201585,SAC,1224,0.9693104779114008,0.8873042338940994,1.045189055295899,Kosta,Koufos
203092,BOS,360,0.9783973236187993,0.8309757212365843,1.1267782110595308,Tyler,Zeller
202696,ORL,1665,0.9842127531704624,0.9130117869945309,1.0517815998980473,Nikola,Vucevic
201971,WAS,305,0.9848173635823616,0.8329900620732327,1.1429765551585318,DeJuan,Blair
202355,MIA,1638,0.9968654231767388,0.9357784161469043,1.0600671086679814,Hassan,Whiteside
202389,CLE,854,1.0131171487333335,0.9211562062202103,1.1053976066534006,Timofey,Mozgov
1626158,PHI,608,1.0150291561910647,0.8992553488473336,1.1359895772507462,Richaun,Holmes
2744,CHA,727,1.084875313950898,0.9852908169116175,1.1858068684489629,Al,Jefferson
2561,SAS,898,1.0919051437782294,1.0013102388003374,1.1830742897288864,David,West
201578,GSW,529,1.0939603560015472,0.9771352804247375,1.216899949353093,Marreese,Speights
203382,DET,859,1.0943169630722906,0.9958698634554035,1.1948693891508526,Aron,Baynes
2730,HOU,1580,1.1111005340563054,1.0482007732623873,1.1854676225645184,Dwight,Howard
201149,CHI,860,1.131874891536183,1.0348470993780388,1.2258542368310172,Joakim,Noah
203482,BOS,1316,1.1326412211760577,1.0600306808670628,1.2102883396345425,Kelly,Olynyk
101162,WAS,1622,1.138189304224957,1.072971105846069,1.206522758543183,Marcin,Gortat
2199,PHX,1031,1.152506753137879,1.0679959420230627,1.2351236318243008,Tyson,Chandler
203105,GSW,1039,1.1582779212638648,1.0700474255157333,1.2401833261713189,Festus,Ezeli
201600,NOP,862,1.2311458610259682,1.131728693930074,1.3251672480385281,Omer,Asik
2200,CHI,1719,1.2588689575957723,1.1935389470824953,1.3257844468301905,Pau,Gasol
201579,LAL,1603,1.3081914862598385,1.2383118277141367,1.377710242951342,Roy,Hibbert
201599,LAC,1954,1.315957478507808,1.2510657733287793,1.378662411557766,DeAndre,Jordan
203083,DET,2076,1.3841034946398643,1.3289781287906215,1.440698079048645,Andre,Drummond
202685,TOR,946,1.3926653499101103,1.2998017191433002,1.484629269888035,Jonas,Valanciunas
203124,NYK,565,1.4227177798153872,1.3111296379829445,1.533545258331745,Kyle,O'Quinn
101106,GSW,1211,1.5621449788853439,1.4820922005330126,1.6390931821918489,Andrew,Bogut
