def_id,n_opp,help_propensity,median_delay_s,n_helps
1938,796,0.3706030150753769,0.801,295
2546,1777,0.3505908835115363,0.72,623
2210,763,0.34076015727391873,0.88,260
201945,729,0.3292181069958848,0.799,240
201142,1674,0.32735961768219835,0.881,548
203138,1116,0.3234767025089606,0.801,361
2581,380,0.31842105263157894,0.761,121
977,1251,0.3173461231015188,0.801,397
101139,1110,0.3162162162162162,0.841,351
202329,1427,0.3132445690259285,0.72,447
2555,449,0.3028953229398664,0.8405,136
1897,404,0.30198019801980197,0.721,122
200752,1272,0.3018867924528302,0.84,384
2550,324,0.2993827160493827,0.88,97
201166,370,0.2972972972972973,0.8195,110
2594,1390,0.2956834532374101,0.841,411
101107,1321,0.29447388342165026,0.76,389
201973,577,0.292894280762565,0.88,169
2544,1466,0.29263301500682126,0.88,429
1718,697,0.28694404591104733,0.8205,200
201569,1533,0.2785388127853881,0.801,427
2733,831,0.2779783393501805,0.841,231
101141,1191,0.27371956339210746,0.76,326
2449,889,0.27334083239595053,0.76,243
2207,1678,0.27056019070321813,0.961,454
2571,424,0.2688679245283019,0.8200000000000001,114
200782,1342,0.26825633383010433,0.84,360
201155,970,0.2649484536082474,0.84,257
1717,1020,0.26176470588235295,0.88,267
2037,1214,0.26112026359143325,0.96,317
201229,823,0.2600243013365735,0.84,214
2547,1267,0.2596685082872928,0.8,329
200768,1404,0.25925925925925924,0.8,364
101179,432,0.25925925925925924,0.8205,112
2548,1411,0.25584691708008506,0.84,361
202330,1658,0.25512665862484923,0.881,423
202694,1738,0.25489067894131184,0.88,443
101112,597,0.254606365159129,0.76,152
708,582,0.24914089347079038,0.801,145
2755,987,0.24822695035460993,1.041,245
2743,400,0.2475,0.881,99
201564,747,0.2463186077643909,0.9005000000000001,184
2756,378,0.24603174603174602,0.721,93
201568,1378,0.24600870827285923,0.84,339
2749,849,0.24381625441696114,0.839,207
2734,656,0.2423780487804878,0.841,159
201575,634,0.24132492113564669,0.659,153
1713,358,0.24022346368715083,0.7605,86
201942,1766,0.24009060022650056,0.8405,424
2440,1218,0.23809523809523808,0.9,290
2738,1482,0.23549257759784076,0.839,349
202699,1448,0.23204419889502761,0.8394999999999999,336
200751,763,0.22935779816513763,0.84,175
201565,862,0.228538283062645,0.739,197
2199,614,0.2280130293159609,0.9995,140
201587,1560,0.22628205128205128,0.88,353
1891,560,0.225,0.86,126
101150,1407,0.224591329068941,0.8200000000000001,316
202323,1170,0.22393162393162394,0.86,262
200757,896,0.22321428571428573,0.9405,200
201156,792,0.2222222222222222,0.8694999999999999,176
101145,1416,0.22175141242937854,0.7995000000000001,314
2419,1058,0.22117202268431002,0.881,234
101161,711,0.22081575246132207,0.84,157
201573,638,0.21786833855799373,0.96,139
201162,1185,0.2168776371308017,0.879,257
2744,375,0.216,0.801,81
1495,689,0.21335268505079827,0.881,147
101108,1003,0.2123629112662014,0.92,213
2772,1427,0.21163279607568325,0.892,302
2225,841,0.20927467300832342,0.7995000000000001,176
203477,1024,0.205078125,0.8195,210
202324,645,0.20465116279069767,0.77,132
203917,856,0.20327102803738317,0.7204999999999999,174
101109,937,0.2017075773745998,0.721,189
201571,442,0.20135746606334842,0.719,89
101181,975,0.20102564102564102,0.801,196
200755,1220,0.19918032786885245,0.881,243
2754,835,0.19880239520958085,0.9604999999999999,166
202340,1171,0.1964133219470538,0.879,230
101133,723,0.19363762102351315,1.0394999999999999,140
201167,1351,0.19319022945965952,0.799,261
203081,1116,0.19265232974910393,0.68,215
202349,319,0.19122257053291536,0.999,61
201158,1217,0.19063270336894,0.8805000000000001,232
101135,401,0.18952618453865336,0.8594999999999999,76
202696,841,0.18906064209274673,0.92,159
203090,910,0.189010989010989,0.7595000000000001,172
200765,1214,0.1886326194398682,0.92,229
201160,394,0.18781725888324874,0.9995,74
201196,742,0.18733153638814015,0.84,139
202391,1175,0.18723404255319148,0.8795,220
201566,1424,0.18679775280898878,0.88,266
203498,1103,0.18676337262012693,1.1205,206
101123,1109,0.18665464382326422,0.92,207
201147,856,0.18457943925233644,1.039,158
2216,958,0.1837160751565762,0.9405,176
201959,883,0.18346545866364666,0.72,162
101127,845,0.1834319526627219,0.92,155
202344,816,0.18259803921568626,0.8,149
203187,302,0.18211920529801323,0.839,55
202703,913,0.1796276013143483,0.84,164
200745,453,0.17880794701986755,0.96,81
201627,767,0.1760104302477184,0.84,135
203094,425,0.17411764705882352,0.96,74
2736,1115,0.17399103139013453,0.7204999999999999,194
202498,953,0.1731374606505771,0.799,165
2585,879,0.17178612059158135,0.84,151
201961,835,0.17005988023952096,1.0405,142
201939,1432,0.1696927374301676,0.799,243
203086,831,0.16967509025270758,0.72,141
201150,539,0.16883116883116883,0.881,91
201980,1027,0.16845180136319376,0.88,173
200746,923,0.16793066088840736,0.801,155
201149,513,0.16764132553606237,0.8200000000000001,86
201949,532,0.16541353383458646,0.9,88
202713,449,0.16481069042316257,0.9415,74
2590,449,0.16481069042316257,0.92,74
101111,381,0.16272965879265092,0.76,62
202688,1390,0.16258992805755396,0.84,226
202692,739,0.16238159675236807,0.9795,120
201978,765,0.16209150326797386,0.8394999999999999,124
201954,772,0.16191709844559585,0.8,125
2564,769,0.1599479843953186,0.84,123
202397,815,0.15950920245398773,0.8805000000000001,130
203496,885,0.15932203389830507,0.88,141
201936,796,0.15829145728643215,0.92,126
2757,452,0.1570796460176991,0.841,71
2200,964,0.1566390041493776,0.921,151
201144,1089,0.1561065197428834,0.86,170
202704,1149,0.15491731940818101,0.88,178
202710,1578,0.15462610899873258,0.84,244
202066,983,0.1536113936927772,0.96,151
200826,613,0.1533442088091354,0.8005,94
1626148,353,0.1529745042492918,0.7995,54
201588,1046,0.15296367112810708,0.8405,160
203087,1066,0.1529080675422139,0.84,163
202357,689,0.15239477503628446,1.0,105
2730,794,0.14987405541561713,1.12,119
203095,1395,0.14982078853046596,0.92,209
101138,515,0.14951456310679612,0.919,77
202339,858,0.14918414918414918,0.8005,128
203503,946,0.14904862579281183,1.039,141
201935,1760,0.14772727272727273,0.98,260
203141,734,0.14713896457765668,0.9195,108
200794,1152,0.1467013888888889,0.721,169
202691,1567,0.14613911933631143,0.8,229
201937,977,0.14431934493346982,0.921,141
202682,778,0.14395886889460155,0.7195,112
203922,334,0.1437125748502994,0.8805000000000001,48
201583,1133,0.14210061782877317,0.92,161
2747,1014,0.14102564102564102,0.999,143
201950,830,0.13975903614457832,0.7605,116
202322,1306,0.13859111791730475,1.0,181
203114,1627,0.13767670559311618,1.02,224
101162,770,0.13766233766233765,1.06,106
203613,356,0.13764044943820225,1.0010000000000001,49
202738,1236,0.13673139158576053,0.841,169
202734,398,0.135678391959799,1.1800000000000002,54
202390,774,0.13565891472868216,1.081,105
203459,1353,0.1352549889135255,0.878,183
203115,1326,0.13423831070889894,0.9400000000000001,178
203903,1155,0.13333333333333333,0.8795,154
101114,1006,0.13220675944333996,0.841,133
201988,647,0.13137557959814528,0.72,85
201582,321,0.1308411214953271,0.8405,42
201967,846,0.13002364066193853,1.06,110
203109,1455,0.12989690721649486,0.841,189
203145,1039,0.12704523580365737,0.92,132
2561,516,0.12596899224806202,0.84,65
201145,1406,0.12588904694167852,0.999,177
202087,972,0.12551440329218108,0.88,122
202702,763,0.12450851900393185,0.72,95
202331,1698,0.12308598351001178,0.881,209
203078,775,0.12258064516129032,1.04,95
203468,1502,0.12250332889480692,0.86,184
201152,1330,0.12105263157894737,1.0010000000000001,161
202334,795,0.12075471698113208,0.8,96
201589,748,0.12032085561497326,0.8,90
202689,1238,0.11954765751211632,0.641,148
201960,689,0.11901306240928883,0.9400000000000001,82
204020,720,0.11666666666666667,0.8594999999999999,84
201601,566,0.1166077738515901,0.9995,66
203506,962,0.11642411642411643,0.94,112
203457,817,0.11627906976744186,0.76,95
201956,1216,0.11595394736842106,0.76,141
203932,803,0.11581569115815692,0.878,93
203960,598,0.11538461538461539,1.041,69
203487,844,0.11492890995260663,0.999,97
202335,964,0.11410788381742738,0.76,110
202083,1178,0.11290322580645161,0.88,133
2746,332,0.11144578313253012,1.12,37
201600,485,0.11134020618556702,0.84,54
203952,1707,0.11130638547158758,1.12,190
203079,1403,0.11119030648610122,0.9595,156
203084,902,0.11086474501108648,1.06,100
202709,868,0.11059907834101383,0.98,96
202337,337,0.10979228486646884,0.801,37
202328,842,0.10926365795724466,1.1205,92
203504,791,0.10872313527180784,0.8,86
202711,1343,0.10796723752792256,1.121,145
201168,365,0.10684931506849316,0.921,39
201586,1435,0.10662020905923345,0.96,153
1626156,1017,0.10619469026548672,0.8005,108
203118,481,0.10602910602910603,0.72,51
203914,1000,0.106,0.8195,106
201609,934,0.10599571734475374,0.8,99
202362,595,0.10588235294117647,0.8,63
203123,303,0.10561056105610561,0.9400000000000001,32
201951,686,0.10495626822157435,1.03,72
101106,621,0.10466988727858294,0.88,65
203918,1183,0.10312764158918004,0.881,122
201952,785,0.10191082802547771,0.7805,80
203484,1561,0.10185778347213324,0.882,159
203926,991,0.10090817356205853,1.04,100
1626178,387,0.10077519379844961,1.2,39
202325,821,0.09866017052375152,0.8,81
201977,740,0.09864864864864865,1.04,73
203082,892,0.09753363228699552,0.841,87
203924,1001,0.0969030969030969,0.9590000000000001,97
203933,1089,0.09641873278236915,0.92,105
203124,334,0.09580838323353294,0.9005000000000001,32
202697,409,0.09535452322738386,0.72,39
1626159,1114,0.09515260323159784,0.9995,106
203499,548,0.0948905109489051,0.7805,52
204456,623,0.09470304975922954,0.801,59
2592,317,0.0946372239747634,0.8205,30
1626162,540,0.09444444444444444,0.841,51
201572,1082,0.09426987060998152,1.04,102
203897,828,0.09420289855072464,0.8205,78
203507,1336,0.09356287425149701,1.08,125
201933,1019,0.09322865554465162,0.799,95
203481,389,0.09254498714652956,0.96,36
201596,736,0.09239130434782608,0.9195,68
1626164,743,0.09152086137281291,1.0005000000000002,68
204038,959,0.09071949947862357,0.841,87
201584,1353,0.090169992609017,1.0394999999999999,122
203463,814,0.08968058968058969,0.76,73
1626169,1175,0.08936170212765958,1.081,105
202683,728,0.08928571428571429,1.041,65
202720,677,0.08862629246676514,0.8,60
203476,847,0.0885478158205431,1.119,75
203526,511,0.08806262230919765,0.96,45
204060,626,0.0878594249201278,1.161,55
202708,564,0.08687943262411348,0.88,49
203460,1059,0.08687440982058546,1.04,92
203944,1094,0.08683729433272395,0.72,95
1626209,530,0.08679245283018867,0.88,46
202695,1325,0.08679245283018867,0.922,115
203546,303,0.0858085808580858,0.8195,26
203937,502,0.08565737051792828,0.721,43
203096,795,0.08553459119496855,0.9405,68
201579,864,0.08449074074074074,1.2790000000000001,73
203089,403,0.08436724565756824,1.3599999999999999,34
201143,953,0.08394543546694648,0.801,80
203901,838,0.08353221957040573,0.8,70
203798,850,0.08352941176470588,1.0,71
203382,433,0.08314087759815242,1.1604999999999999,36
203934,397,0.08312342569269521,1.08,33
203458,542,0.08302583025830258,1.2,45
202693,535,0.08037383177570094,0.72,43
1626144,722,0.08033240997229917,1.04,58
203490,1186,0.08010118043844856,0.921,95
1626170,713,0.07994389901823282,0.76,57
203085,637,0.07849293563579278,0.881,50
203894,319,0.07836990595611286,0.96,25
203497,544,0.07720588235294118,1.16,42
203099,315,0.0761904761904762,1.0394999999999999,24
201578,315,0.0761904761904762,0.76,24
201585,603,0.07462686567164178,1.24,45
203471,695,0.07194244604316546,1.0005000000000002,50
203953,937,0.07150480256136606,1.12,67
201567,959,0.07090719499478623,0.84,68
203083,1170,0.07008547008547009,0.9005000000000001,82
201976,636,0.06918238993710692,0.74,44
201941,599,0.06844741235392321,0.88,41
202718,980,0.06836734693877551,0.96,67
201188,1361,0.06465833945628215,1.0,88
203935,575,0.06434782608695652,0.881,37
1626168,598,0.06354515050167224,1.1005,38
203943,591,0.06260575296108291,0.84,37
203093,781,0.06145966709346991,0.799,48
203530,343,0.061224489795918366,0.961,21
1626173,367,0.05994550408719346,1.2795,22
1626163,927,0.0593311758360302,0.84,55
203948,548,0.058394160583941604,0.6805000000000001,32
203521,748,0.05748663101604278,0.72,43
203210,593,0.05733558178752108,0.921,34
202326,908,0.05726872246696035,1.16,52
203482,791,0.056890012642225034,1.0,45
202687,695,0.05611510791366906,1.2,39
1626204,749,0.05473965287049399,0.641,41
203991,669,0.053811659192825115,0.91,36
204001,1123,0.053428317008014245,1.08,60
203110,1628,0.052825552825552825,1.001,86
202389,432,0.05092592592592592,0.9805,22
1626161,357,0.05042016806722689,0.54,18
202684,823,0.04981773997569866,0.919,41
203939,513,0.04678362573099415,0.8795000000000001,24
203469,810,0.04567901234567901,0.88,37
202355,834,0.045563549160671464,1.1400000000000001,38
201599,1085,0.04516129032258064,1.0010000000000001,49
1626158,338,0.04437869822485207,1.16,15
203999,522,0.044061302681992334,1.0,23
202730,841,0.04399524375743163,0.48,37
203486,1022,0.04207436399217221,0.64,43
202685,478,0.04184100418410042,0.8795,20
203105,521,0.04030710172744722,0.841,21
203076,1145,0.03842794759825328,1.019,44
1626143,760,0.038157894736842106,0.961,29
201577,897,0.03567447045707915,1.3605,32
1626157,1037,0.033751205400192864,1.081,35
203500,822,0.027980535279805353,0.96,23
