defense_team_id,n_screens,switch_rate,help_rate_3s,early_help_rate,help_delay_median_s,pts_allowed_per_poss,pts_lo,pts_hi,n_poss,team
1610612757,3462,0.1389370306181398,0.5170421721548238,0.3391103408434431,0.76,1.046092715231788,1.0174076388363087,1.0779090434464786,3775,POR
1610612752,3448,0.1476218097447796,0.5133410672853829,0.3343967517401392,0.76,1.028548770816812,1.0,1.0618373712118834,3783,NYK
1610612759,2893,0.1341168337366056,0.5305910819218804,0.329415831316972,0.839,0.9141161773891318,0.8821796632221534,0.9463178264541007,3202,SAS
1610612761,3025,0.07570247933884297,0.5183471074380165,0.31735537190082647,0.839,1.016656925774401,0.980521625817795,1.0533812151216837,3422,TOR
1610612765,3289,0.0966859227728793,0.5314685314685315,0.31498935846761933,0.841,1.0103179029559397,0.9817693418775779,1.0449987935004734,3586,DET
1610612755,2842,0.12526389866291343,0.5021111893033076,0.31175228712174524,0.84,1.0220062875107174,0.9859727257704287,1.0593893990042311,3499,PHI
1610612754,3274,0.07971899816737935,0.5253512522907758,0.31154551007941356,0.841,0.9893617021276596,0.9510988601440301,1.0278927320225906,3572,IND
1610612741,2934,0.13496932515337423,0.5170415814587593,0.30879345603271985,0.84,1.0024323502584371,0.9673244575002369,1.0418583519547548,3289,CHI
1610612747,3334,0.10407918416316736,0.5002999400119976,0.30713857228554287,0.839,1.0845540992032896,1.055039049548056,1.114100339610991,3891,LAL
1610612766,3408,0.07071596244131455,0.49559859154929575,0.3060446009389671,0.801,1.0151673640167365,0.986330892203103,1.0461835018108179,3824,CHA
1610612748,3167,0.0903062835491001,0.4995263656457215,0.30154720555730974,0.841,1.0088344257623254,0.9712128527537316,1.0438194108183252,3509,MIA
1610612744,3529,0.16945310286200058,0.4740719750637574,0.2893170869934826,0.84,0.9931662870159453,0.957930389307237,1.02511439861509,3951,GSW
1610612743,3013,0.13939595087952208,0.4802522402920677,0.28775307002987055,0.84,1.0538628944504898,1.0241067622567832,1.085662647171583,3676,DEN
1610612742,2886,0.09286209286209286,0.466042966042966,0.2872487872487873,0.84,1.0146149522203485,0.9827337149815559,1.0433013938363391,3558,DAL
1610612753,2884,0.031206657420249653,0.489251040221914,0.2829403606102635,0.88,1.0078125,0.9733621118012422,1.0449732864693684,3456,ORL
1610612756,3079,0.10490418967197142,0.48457291328353364,0.28093536862617735,0.878,1.045766590389016,1.0108363737916994,1.080491575315704,3496,PHX
1610612760,3571,0.1218146177541305,0.49425931111733407,0.2800336040324839,0.881,1.0025393600812595,0.9711883750405946,1.0366807913769334,3938,OKC
1610612738,3102,0.13604126370083816,0.47356544165054804,0.2765957446808511,0.88,0.9756427604871448,0.9442214480372919,1.0034042372089322,3695,BOS
1610612737,2869,0.07737887765772046,0.46392471244336003,0.2757058208434995,0.841,1.0042678047479328,0.9811979628056452,1.0289760811673,3749,ATL
1610612758,2925,0.11384615384615385,0.4683760683760684,0.26837606837606837,0.88,1.0513164965072541,1.0226991705274098,1.079176215483804,3722,SAC
1610612762,2917,0.10798765855330819,0.46040452519712033,0.26808364758313336,0.88,1.0262686567164179,0.9860046747852731,1.0651929219039769,3350,UTA
1610612746,3093,0.12770772712576786,0.4655674102812803,0.2596184933721306,0.881,1.0078901227352426,0.9733658830489528,1.0407162140864268,3422,LAC
1610612739,2599,0.0923432089265102,0.464794151596768,0.2593305117352828,0.8815,0.9906635545181727,0.9486179867986798,1.0373304473304472,2999,CLE
1610612740,3192,0.12844611528822056,0.43796992481203006,0.2525062656641604,0.88,1.0643800955861682,1.0330484206707804,1.098434127823794,3557,NOP
1610612764,3010,0.10365448504983389,0.45614617940199337,0.24584717607973422,0.96,1.0405649038461537,1.007733588493523,1.0734275220811107,3328,WAS
1610612763,3270,0.05382262996941896,0.42415902140672784,0.23149847094801224,0.9590000000000001,1.0332871012482663,0.9964120512837615,1.0638870776526377,3605,MEM
1610612751,3106,0.04990341274951706,0.45396007726980037,0.23052157115260785,1.0,1.0500695410292071,1.0193951762533031,1.078913234136787,3595,BKN
1610612750,3397,0.06387989402413895,0.45245805122166616,0.22725934648219018,1.0,1.0543534260690366,1.0201100897808746,1.0905148685237025,3882,MIN
1610612745,3006,0.11377245508982035,0.416833000665336,0.21889554224883567,0.9590000000000001,1.045995670995671,1.0142702013721676,1.0747864776340537,3696,HOU
1610612749,2929,0.07750085353362922,0.3857972004096961,0.1894844656879481,1.039,1.065359477124183,1.0254721085215355,1.103442098685898,3519,MIL
