team,team_id,n_games,n_on_ball_screens,switch_rate,switch_lo,switch_hi,help_rate_3s,help_lo,help_hi,help_delay_median_s
DET,1610612765,42,3276,0.09706959706959707,0.08639615644996834,0.10903096356892135,0.5335775335775336,0.5136613548273907,0.5565131152611731,0.841
SAS,1610612759,41,2884,0.13453536754507628,0.11637376948318294,0.15473068479737198,0.532246879334258,0.5138419848016853,0.5490106529130498,0.839
IND,1610612754,42,3272,0.07976772616136919,0.06492891689014321,0.09581779276520704,0.5256723716381418,0.501110133185187,0.5498553596608114,0.841
TOR,1610612761,42,3018,0.0758780649436713,0.06650662792216273,0.08489841263556464,0.5195493704440026,0.49342330906228166,0.5451553342405068,0.839
CHI,1610612741,39,2930,0.13515358361774743,0.11845982832792852,0.15223456368908572,0.5177474402730375,0.4909242091633011,0.5421089392088038,0.84
POR,1610612757,45,3459,0.13905753107834634,0.12021413952507146,0.16080479006246096,0.5174906042208731,0.4977063155170996,0.5367787603853407,0.76
NYK,1610612752,45,3441,0.14792211566405114,0.1321191973332074,0.16509432959746093,0.5143853530950305,0.4883985652822314,0.5370385747116265,0.76
PHI,1610612755,41,2826,0.1259731068648266,0.11343160576897655,0.13990911065125022,0.5049539985845718,0.4841043061976667,0.5254586408603508,0.84
LAL,1610612747,44,3322,0.10445514750150511,0.093106513443329,0.11745355069470113,0.50210716435882,0.4765971922325649,0.5267256854586546,0.839
MIA,1610612748,42,3162,0.09044908285895004,0.07647516889207892,0.10254369855531069,0.5003162555344719,0.4799745692251118,0.5220222529635078,0.841
CHA,1610612766,42,3398,0.0709240729841083,0.06165686553202573,0.08002962371109391,0.4970570924072984,0.4765487053795877,0.5183312528616254,0.801
OKC,1610612760,44,3566,0.12198541783510937,0.10960285361195371,0.1358864584717438,0.49495232753785756,0.4727326144908867,0.5176602691632533,0.881
ORL,1610612753,41,2882,0.031228313671061762,0.02442428806421375,0.037429776755550224,0.4895905621096461,0.4694365515766765,0.5105432297586994,0.88
PHX,1610612756,42,3071,0.10517746662324975,0.08982539898646093,0.12406414791899577,0.48583523282318464,0.4627284288920081,0.5099391171103729,0.878
DEN,1610612743,43,3009,0.13958125623130607,0.12319531707323815,0.15735899138028442,0.48122299767364574,0.4561983130462769,0.5047304461842504,0.84
GSW,1610612744,42,3522,0.16978989210675752,0.1541226857752852,0.1849075718762608,0.4750141964792731,0.4564638425107828,0.4959295850274204,0.84
BOS,1610612738,42,3095,0.13667205169628432,0.1207614320021787,0.15311429804235968,0.47463651050080774,0.45341896154588057,0.49888948903870434,0.88
SAC,1610612758,40,2920,0.11404109589041096,0.10091535342653371,0.12704588686666773,0.4691780821917808,0.44913477177799616,0.4895638776120624,0.88
LAC,1610612746,39,3079,0.12828840532640468,0.1166943713727136,0.1406011049649292,0.46768431308866515,0.44524179766107247,0.4907219698662099,0.881
DAL,1610612742,43,2879,0.09308787773532476,0.08057296377217817,0.10856472633073773,0.4675234456408475,0.4472249427076639,0.48729668263986287,0.84
CLE,1610612739,38,2592,0.09259259259259259,0.07851862944770577,0.10774820784977902,0.4660493827160494,0.4414879348577696,0.4924672742214786,0.8815
ATL,1610612737,43,2860,0.07762237762237763,0.06571833920536012,0.09168945299289004,0.4653846153846154,0.4411087889242746,0.4927331247693495,0.841
UTA,1610612762,42,2913,0.10813594232749743,0.09466632839413058,0.12096780461574404,0.4610367318915208,0.4375709984625897,0.4818091379665304,0.88
WAS,1610612764,40,3004,0.10386151797603196,0.08924984106802289,0.11728751087768584,0.4570572569906791,0.4361828587996972,0.4791724656582462,0.96
BKN,1610612751,41,3106,0.04990341274951706,0.043320905747684275,0.05691695319382319,0.45396007726980037,0.43599646998800345,0.47429454761723294,1.0
MIN,1610612750,44,3391,0.0639929224417576,0.05538065344370435,0.07481672728083068,0.4532586257741079,0.43046382189239335,0.4747537472829913,1.0
NOP,1610612740,42,3183,0.12880929940307886,0.11309957105130196,0.14533648931064938,0.43920829406220546,0.41385389260196764,0.4639163852013713,0.88
MEM,1610612763,43,3264,0.05392156862745098,0.04665637339557643,0.06325013845225816,0.4255514705882353,0.4058722323367757,0.4440499665775401,0.9590000000000001
HOU,1610612745,43,3001,0.11396201266244585,0.09852682836625881,0.1276719674556213,0.4171942685771409,0.3935577883853147,0.4393372112640963,0.9590000000000001
MIL,1610612749,45,2928,0.07752732240437159,0.06415090311372738,0.09099761706586976,0.3859289617486339,0.3651351143661748,0.40473797109669907,1.039
