team_id,pts_allowed_per_poss,pts_lo,pts_hi,n_poss
1610612737,1.0042678047479328,0.9811979628056452,1.0289760811673,3749
1610612738,0.9756427604871448,0.9442214480372919,1.0034042372089322,3695
1610612739,0.9906635545181727,0.9486179867986798,1.0373304473304472,2999
1610612740,1.0643800955861682,1.0330484206707804,1.098434127823794,3557
1610612741,1.0024323502584371,0.9673244575002369,1.0418583519547548,3289
1610612742,1.0146149522203485,0.9827337149815559,1.0433013938363391,3558
1610612743,1.0538628944504898,1.0241067622567832,1.085662647171583,3676
1610612744,0.9931662870159453,0.957930389307237,1.02511439861509,3951
1610612745,1.045995670995671,1.0142702013721676,1.0747864776340537,3696
1610612746,1.0078901227352426,0.9733658830489528,1.0407162140864268,3422
1610612747,1.0845540992032896,1.055039049548056,1.114100339610991,3891
1610612748,1.0088344257623254,0.9712128527537316,1.0438194108183252,3509
1610612749,1.065359477124183,1.0254721085215355,1.103442098685898,3519
1610612750,1.0543534260690366,1.0201100897808746,1.0905148685237025,3882
1610612751,1.0500695410292071,1.0193951762533031,1.078913234136787,3595
1610612752,1.028548770816812,1.0,1.0618373712118834,3783
1610612753,1.0078125,0.9733621118012422,1.0449732864693684,3456
1610612754,0.9893617021276596,0.9510988601440301,1.0278927320225906,3572
1610612755,1.0220062875107174,0.9859727257704287,1.0593893990042311,3499
1610612756,1.045766590389016,1.0108363737916994,1.080491575315704,3496
1610612757,1.046092715231788,1.0174076388363087,1.0779090434464786,3775
1610612758,1.0513164965072541,1.0226991705274098,1.079176215483804,3722
1610612759,0.9141161773891318,0.8821796632221534,0.9463178264541007,3202
1610612760,1.0025393600812595,0.9711883750405946,1.0366807913769334,3938
1610612761,1.016656925774401,0.980521625817795,1.0533812151216837,3422
1610612762,1.0262686567164179,0.9860046747852731,1.0651929219039769,3350
1610612763,1.0332871012482663,0.9964120512837615,1.0638870776526377,3605
1610612764,1.0405649038461537,1.007733588493523,1.0734275220811107,3328
1610612765,1.0103179029559397,0.9817693418775779,1.0449987935004734,3586
1610612766,1.0151673640167365,0.986330892203103,1.0461835018108179,3824
